Date,U.S. Field Production of Crude Oil (1k Bar.),Product Supplied of Crude Oil and Petroleum Products (1k Bar.),Gross Inputs to Refineries (1k Bar./Day),Operable Crude Oil Distillation Capacity (1k Bar./Calendar Day),Operating Crude Oil Distillation Capacity (1k Bar./Day),Idle Crude Oil Distillation Capacity (1k Bar./Day),Percent Utilization of Refinery Operable Capacity,"Cushing, OK Crude Oil Future Contract ($/Bar.)","Cushing, OK WTI Spot Price FOB ($/Bar.)"
Jan-86,283248,498728,12583,15459,14639,820,81.4,23,22.9
Feb-86,256855,453209,12068,15485,14538,947,77.9,15.5,15.5
Mar-86,279413,504565,11759,15485,14517,968,75.9,12.6,12.6
Apr-86,265917,478339,12603,15473,14550,923,81.5,12.8,12.8
May-86,273964,495789,13314,15484,14805,679,86,15.3,15.4
Jun-86,258700,481482,13347,15465,14649,816,86.3,13.4,13.4
Jul-86,268448,505514,13009,15475,14607,868,84.1,11.6,11.6
Aug-86,259580,515167,13392,15430,14807,624,86.8,15.1,15.1
Sep-86,249843,477269,13191,15435,14870,565,85.5,14.9,14.9
Oct-86,260984,514674,12753,15435,14827,608,82.6,14.9,14.9
Nov-86,252374,486633,12928,15440,14835,606,83.7,15.2,15.2
Dec-86,258926,531060,12914,15440,14662,779,83.6,16.1,16.1
Jan-87,262888,517210,12725,15566,14940,625,81.8,18.7,18.7
Feb-87,234880,473425,12417,15548,14748,799,79.9,17.7,17.7
Mar-87,262398,501109,12237,15559,14816,743,78.6,18.3,18.3
Apr-87,254945,495706,12637,15565,14870,695,81.2,18.6,18.7
May-87,258426,496806,12848,15565,14824,741,82.5,19.3,19.4
Jun-87,248356,504892,13306,15588,14836,751,85.4,20,20.1
Jul-87,255782,530502,13612,15701,15122,579,86.7,21.3,21.3
Aug-87,254508,506741,13527,15598,15014,584,86.7,20.2,20.3
Sep-87,246163,500097,13328,15593,14984,609,85.5,19.5,19.5
Oct-87,259272,525173,12896,15592,14935,657,82.7,19.9,19.9
Nov-87,251915,490290,13074,15888,14895,994,82.3,18.8,18.9
Dec-87,257844,540790,13383,15946,14996,951,83.9,17.3,17.3
Jan-88,255743,539481,13175,15915,15018,897,82.8,17.2,17.1
Feb-88,242848,515026,12889,15942,14922,1020,80.9,16.8,16.8
Mar-88,259587,545962,13241,15888,15015,873,83.3,16.2,16.2
Apr-88,248629,496816,13346,15888,14986,902,84,17.9,17.9
May-88,255089,502103,13638,15909,14979,930,85.7,17.4,17.4
Jun-88,245102,511781,13710,15934,14831,1103,86,16.6,16.5
Jul-88,249229,517536,13804,15958,14851,1107,86.5,15.5,15.5
Aug-88,250459,541955,13953,15958,14893,1065,87.4,15.5,15.5
Sep-88,236847,512149,13356,15965,15124,841,83.7,14.5,14.5
Oct-88,248704,544972,13304,15946,15117,829,83.4,13.8,13.8
Nov-88,240700,528590,13354,15909,15081,828,83.9,14,14.1
Dec-88,246189,569322,13554,15919,14887,1032,85.1,16.3,16.4
Jan-89,246056,535329,13502,15655,15012,643,86.2,18,18
Feb-89,218076,501749,12974,15671,14964,707,82.8,17.8,17.9
Mar-89,234822,557660,13131,15669,14931,738,83.8,19.4,19.5
Apr-89,233147,498719,13123,15687,14944,743,83.7,20.9,21.1
May-89,242303,512928,13566,15692,15008,683,86.5,20,20.1
Jun-89,228731,524903,14067,15698,15124,575,89.6,20,20.1
Jul-89,230766,510039,13957,15698,15097,602,88.9,19.7,19.8
Aug-89,233878,538172,14024,15706,15075,632,89.3,18.5,18.6
Sep-89,226436,503850,13898,15722,14963,759,88.4,19.6,19.6
Oct-89,231036,536411,13533,15722,14946,775,86.1,20.1,20.1
Nov-89,226082,519331,13549,15732,15106,626,86.1,19.8,19.9
Dec-89,227439,584589,13244,15761,15117,644,84,21.1,21.1
Jan-90,233931,525878,13668,15572,15063,509,87.8,22.6,22.9
Feb-90,209923,480896,13695,15578,15036,542,87.9,22.1,22.1
Mar-90,230434,529703,13080,15582,14844,737,83.9,20.4,20.4
Apr-90,222215,503351,13250,15582,14827,754,85,18.6,18.4
May-90,227179,524350,13576,15582,14884,698,87.1,18.5,18.2
Jun-90,213175,514961,13893,15597,14899,698,89.1,16.9,16.7
Jul-90,222371,529591,14414,15598,15100,498,92.4,18.6,18.5
Aug-90,225886,559565,14234,15701,15097,604,90.7,27.2,27.3
Sep-90,216715,495360,14298,15702,15120,582,91.1,33.7,33.5
Oct-90,233799,524967,13076,15666,15125,540,83.5,35.9,36
Nov-90,221598,500850,13187,15666,14936,730,84.2,32.3,32.3
Dec-90,227463,511328,12961,15656,14755,901,82.8,27.2,27.3
Jan-91,232498,523670,12931,15676,14959,717,82.5,24.7,25.2
Feb-91,213836,457486,13224,15677,15022,655,84.4,20.5,20.5
Mar-91,233926,502581,13051,15686,15117,569,83.2,19.9,19.9
Apr-91,225256,484163,13283,15698,15127,570,84.6,20.8,20.8
May-91,229670,501860,13748,15709,15159,550,87.5,21.2,21.2
Jun-91,219610,506333,14128,15726,15209,518,89.8,20.2,20.2
Jul-91,227756,526087,13941,15694,15186,508,88.8,21.4,21.4
Aug-91,226801,532675,14005,15724,15230,494,89.1,21.7,21.7
Sep-91,221029,505429,13883,15724,15204,520,88.3,21.9,21.9
Oct-91,230557,526870,13118,15722,15177,545,83.4,23.2,23.2
Nov-91,219833,501911,13156,15722,15144,578,83.7,22.4,22.5
Dec-91,226267,531485,13614,15722,15097,625,86.6,19.5,19.5
Jan-92,228178,527375,13097,15696,14965,731,83.4,18.8,18.8
Feb-92,214269,489886,12742,15671,14940,731,81.3,19,19
Mar-92,227798,521571,13292,15618,14893,725,85.1,18.9,18.9
Apr-92,218775,502929,13356,15626,14958,668,85.5,20.3,20.2
May-92,222227,511048,13850,15490,14873,618,89.4,21,21
Jun-92,215019,509344,14285,15458,14808,650,92.4,22.4,22.4
Jul-92,221064,531442,14176,15432,14808,623,91.9,21.7,21.8
Aug-92,214575,524787,13649,15322,14861,460,89.1,21.3,21.3
Sep-92,210904,506265,13886,15308,14814,499,90.7,21.9,21.9
Oct-92,220898,540892,13651,15287,14844,443,89.3,21.7,21.7
Nov-92,210724,512730,13795,15304,14728,576,90.1,20.4,20.3
Dec-92,220200,555755,13400,15311,14691,619,87.5,19.4,19.4
Jan-93,215791,501374,13123,15121,14777,344,86.8,19.1,19
Feb-93,194393,485354,13097,15129,14825,304,86.6,20.1,20.1
Mar-93,216198,544816,13507,15133,14910,223,89.3,20.3,20.3
Apr-93,206439,503439,13819,15139,14981,158,91.3,20.3,20.3
May-93,212255,511747,14062,15151,14945,207,92.8,20,19.9
Jun-93,203842,512878,14415,15166,15006,160,95.1,19.1,19.1
Jul-93,207339,538070,14458,15198,15059,139,95.1,17.9,17.9
Aug-93,209492,537278,14040,15140,15059,81,92.7,18,18
Sep-93,201347,529508,14045,15142,15033,109,92.8,17.5,17.5
Oct-93,212003,537012,13902,15137,15000,137,91.8,18.2,18.2
Nov-93,207349,533395,13928,15151,14969,182,91.9,16.7,16.6
Dec-93,212585,556536,13768,15105,14960,146,91.2,14.5,14.5
Jan-94,211320,560233,13526,15058,14718,339,89.8,15,15
Feb-94,189569,513444,13336,15028,14873,155,88.7,14.8,14.8
Mar-94,209114,536696,13158,15028,14411,617,87.6,14.7,14.7
Apr-94,198363,524661,14009,15161,14375,786,92.4,16.3,16.4
May-94,207334,532616,14467,15162,14970,192,95.4,17.8,17.9
Jun-94,198318,534461,14519,15162,15050,112,95.8,19.1,19.1
Jul-94,201527,542046,14480,15163,15037,126,95.5,19.7,19.7
Aug-94,202869,561618,14618,15165,15039,126,96.4,18.4,18.4
Sep-94,198264,524709,14360,15207,15081,126,94.4,17.5,17.4
Oct-94,206398,549299,13660,15212,15086,126,89.8,17.7,17.7
Nov-94,198850,519447,14101,15217,15081,136,92.7,18.1,18.1
Dec-94,209550,567899,14107,15227,15019,208,92.6,17.2,17.2
Jan-95,207148,533785,13830,15434,15082,353,89.6,18,18
Feb-95,190245,511803,13567,15436,15128,308,87.9,18.5,18.6
Mar-95,204613,542000,13383,15440,15278,162,86.7,18.6,18.5
Apr-95,198111,514265,13974,15440,15123,318,90.5,19.9,19.9
May-95,205509,536097,14457,15385,15158,227,94,19.7,19.7
Jun-95,197359,543919,14714,15385,15213,172,95.6,18.4,18.4
Jul-95,199912,531547,14461,15376,15042,334,94,17.3,17.3
Aug-95,199846,559362,14473,15393,15236,157,94,17.8,18
Sep-95,192484,540776,14592,15272,15154,118,95.6,18.2,18.2
Oct-95,199055,547183,13748,15191,15033,158,90.5,17.4,17.4
Nov-95,197559,539379,14002,15196,15022,174,92.1,18,18
Dec-95,202428,569360,14196,15210,14949,261,93.3,19,19
Jan-96,201354,566079,13894,15333,15083,251,90.6,18.8,18.9
Feb-96,190727,539974,13679,15164,14903,261,90.2,18.8,19.1
Mar-96,203715,567321,13941,15186,14950,236,91.8,21.2,21.3
Apr-96,193317,536547,14432,15186,15044,141,95,23.3,23.5
May-96,198208,556654,14538,15182,15037,145,95.8,21.1,21.2
Jun-96,193746,543207,14681,15224,15073,152,96.4,20.4,20.4
Jul-96,196471,564533,14478,15249,15112,138,94.9,21.3,21.3
Aug-96,197162,578396,14538,15306,15168,138,95,21.9,21.9
Sep-96,194456,529637,14637,15259,15121,138,95.9,23.9,24
Oct-96,200907,594302,14442,15259,15109,149,94.6,24.9,24.9
Nov-96,194268,556054,14379,15259,15121,138,94.2,23.6,23.7
Dec-96,201685,568355,14391,15259,15069,189,94.3,25.1,25.2
Jan-97,198466,575184,13771,15452,15168,284,89.1,25.2,25.1
Feb-97,182400,515145,13601,15452,15205,247,88,22.2,22.2
Mar-97,200013,553739,14156,15632,15233,399,90.6,21,21
Apr-97,193239,556769,14465,15616,15229,387,92.6,19.7,19.7
May-97,200702,567078,15232,15616,15449,167,97.5,20.9,20.8
Jun-97,193252,558515,15300,15638,15461,177,97.8,19.2,19.3
Jul-97,198691,592306,15190,15639,15462,177,97.1,19.7,19.7
Aug-97,196769,575517,15465,15641,15452,189,98.9,19.9,20
Sep-97,194575,556849,15533,15602,15464,139,99.6,19.8,19.8
Oct-97,200482,591200,15127,15602,15464,139,97,21.3,21.3
Nov-97,193778,557349,14939,15602,15452,150,95.8,20.2,20.2
Dec-97,202464,596759,15188,15628,15424,204,97.2,18.3,18.3
Jan-98,202756,569212,14661,15711,15538,173,93.3,16.7,16.7
Feb-98,181321,512856,14262,15716,15558,158,90.7,16.1,16.1
Mar-98,198639,579239,14901,15735,15550,184,94.7,15,15.1
Apr-98,194483,571320,15301,15692,15547,144,97.5,15.5,15.4
May-98,196754,569624,15464,15708,15573,135,98.4,14.9,14.9
Jun-98,188018,575446,15671,15821,15686,135,99.1,13.7,13.7
Jul-98,192026,603451,15705,15826,15691,135,99.2,14.1,14.2
Aug-98,192282,599748,15806,15828,15685,143,99.9,13.4,13.5
Sep-98,173676,566848,15040,15828,15699,129,95,15,15
Oct-98,190420,594824,14222,15880,15343,537,89.6,14.4,14.5
Nov-98,184198,560190,15095,15927,15478,449,94.8,13,13
Dec-98,187347,601998,15169,15951,15797,154,95.1,11.3,11.3
Jan-99,184864,589894,14694,16261,16061,200,90.4,12.5,12.5
Feb-99,167034,534991,14623,16245,16019,226,90,12,12
Mar-99,182362,604395,14783,16256,16125,131,90.9,14.7,14.7
Apr-99,176616,574548,15386,16258,16126,132,94.6,17.3,17.3
May-99,182122,579867,15282,16271,15984,288,93.9,17.8,17.7
Jun-99,172808,595094,15210,16276,16137,139,93.5,17.9,17.9
Jul-99,179738,614423,15454,16287,16134,153,94.9,20.1,20.1
Aug-99,179187,622884,15559,16287,16134,153,95.5,21.3,21.3
Sep-99,174113,584477,15353,16317,16164,153,94.1,23.8,23.8
Oct-99,184361,615915,14860,16317,16118,199,91.1,22.7,22.7
Nov-99,178811,572616,15026,16327,16124,204,92,24.8,25
Dec-99,184716,635453,14706,16276,16124,153,90.4,26.1,26.1
Jan-00,179316,589799,14156,16512,16315,197,85.7,27,27.3
Feb-00,169703,569417,14260,16505,16291,215,86.4,29.3,29.4
Mar-00,183464,595752,14806,16505,16134,372,89.7,29.9,29.8
Apr-00,175625,564493,15281,16505,15909,596,92.6,25.5,25.7
May-00,181242,607755,15625,16506,16122,384,94.7,28.8,28.8
Jun-00,174686,601623,15867,16496,16125,372,96.2,31.5,31.8
Jul-00,177920,610585,15975,16496,16280,217,96.8,29.7,29.7
Aug-00,179451,635381,15856,16548,16343,205,95.8,31.1,31.3
Sep-00,172731,596968,15582,16549,16350,199,94.2,33.9,33.9
Oct-00,180080,613744,15267,16559,16360,199,92.2,32.9,33.1
Nov-00,174980,579827,15325,16559,16387,172,92.6,34.3,34.4
Dec-00,181508,645249,15546,16559,16387,172,93.9,28.4,28.4
Jan-01,179767,622856,14940,16568,16320,248,90.2,29.3,29.6
Feb-01,161843,551303,15000,16568,16268,301,90.5,29.6,29.6
Mar-01,182290,616161,14857,16620,16354,267,89.4,27.3,27.2
Apr-01,175879,591867,15768,16608,16428,180,94.9,27.6,27.5
May-01,180712,604530,16018,16618,16444,174,96.4,28.7,28.6
Jun-01,172974,586829,15897,16627,16407,220,95.6,27.6,27.6
Jul-01,178208,617494,15638,16662,16442,220,93.9,26.5,26.4
Aug-01,177488,624740,15543,16662,16407,255,93.3,27.3,27.4
Sep-01,171270,570485,15230,16510,16197,313,92.2,25.8,26.2
Oct-01,178129,614536,15196,16510,16155,355,92,22.2,22.2
Nov-01,176441,581879,15231,16512,16257,255,92.2,19.7,19.6
Dec-01,182511,589098,14899,16512,16157,355,90.2,19.4,19.4
Jan-02,182076,603059,14693,16755,16223,532,87.7,19.7,19.7
Feb-02,164666,544423,14510,16755,16291,464,86.6,20.8,20.7
Mar-02,182460,609965,14724,16755,16414,342,87.9,24.4,24.5
Apr-02,175333,586562,15586,16757,16415,342,93,26.3,26.2
May-02,183057,611573,15329,16757,16414,342,91.5,27,27
Jun-02,176532,596246,15610,16764,16643,121,93.1,25.5,25.5
Jul-02,178275,622351,15666,16764,16643,121,93.5,26.9,27
Aug-02,179670,626859,15572,16764,16643,121,92.9,28.2,28.4
Sep-02,162336,583828,15149,16764,16528,236,90.4,29.7,29.7
Oct-02,166105,610030,14614,16700,16463,237,87.5,28.9,28.8
Nov-02,168706,599736,15463,16700,16416,283,92.6,26.2,26.4
Dec-02,177372,618244,15218,16700,16386,313,91.1,29.4,29.5
Jan-03,178412,620512,14611,16757,16484,273,87.2,32.7,32.9
Feb-03,161920,570500,14640,16747,16587,159,87.4,35.7,35.8
Mar-03,179907,610933,15159,16747,16710,36,90.5,33.2,33.5
Apr-03,171774,594912,15754,16747,16711,35,94.1,28.1,28.2
May-03,175568,599655,16038,16747,16711,35,95.8,28.1,28.1
Jun-03,169772,593798,15851,16747,16711,35,94.7,30.5,30.7
Jul-03,170452,622911,15745,16747,16711,35,94,30.7,30.8
Aug-03,172787,638153,15911,16747,16710,36,95,31.6,31.6
Sep-03,168270,597976,15590,16747,16697,49,93.1,28.3,28.3
Oct-03,174020,625647,15480,16747,16697,50,92.4,30.3,30.3
Nov-03,166397,596180,15679,16747,16669,78,93.6,31.1,31.1
Dec-03,172715,641053,15577,16747,16604,143,93,32.1,32.1
Jan-04,173132,634855,15092,16947,16812,135,89.1,34.2,34.3
Feb-04,161583,605301,15056,16948,16891,57,88.8,34.5,34.7
Mar-04,174115,634033,15027,16978,16921,57,88.5,36.7,36.7
Apr-04,166810,616345,15702,16978,16921,57,92.5,36.6,36.8
May-04,172235,629710,16234,16978,16904,73,95.6,40.3,40.3
Jun-04,162208,623395,16552,16978,16921,57,97.5,38,38
Jul-04,170011,647293,16436,16984,16910,73,96.8,40.8,40.8
Aug-04,165072,651864,16494,16978,16904,74,97.1,44.9,44.9
Sep-04,152444,615858,15302,16978,16904,74,90.1,45.9,45.9
Oct-04,160270,646687,15314,16982,16869,113,90.2,53.1,53.3
Nov-04,162699,624161,16023,16982,16869,113,94.4,48.5,48.5
Dec-04,170815,658099,16135,16982,16869,113,95,43.3,43.1
Jan-05,168831,641524,15632,17125,17006,119,91.3,46.9,46.8
Feb-05,154038,583252,15511,17125,16915,210,90.6,48.1,48.1
Mar-05,173626,651274,15541,17125,17029,96,90.8,54.6,54.2
Apr-05,166885,604101,15899,17129,17084,45,92.8,53.2,53
May-05,173491,638792,16242,17234,17096,138,94.2,49.9,49.8
Jun-05,163263,635951,16730,17234,17129,105,97.1,56.4,56.4
Jul-05,162854,649104,16237,17238,17150,88,94.2,59,59
Aug-05,161153,671648,15969,17230,17141,88,92.7,65,65
Sep-05,126417,604247,14396,17230,16245,984,83.6,65.6,65.6
Oct-05,141200,627838,14007,17225,15747,1478,81.3,62.3,62.3
Nov-05,145708,618701,15378,17225,16316,909,89.3,58.3,58.3
Dec-05,154630,666357,15395,17224,16308,916,89.4,59.4,59.4
Jan-06,156480,633525,15085,17339,16421,918,87,65.5,65.5
Feb-06,140894,576155,15000,17341,16711,630,86.5,61.9,61.6
Mar-06,155842,638859,14914,17390,16666,724,85.8,63,62.7
Apr-06,152450,606038,15303,17390,16597,793,88,70.2,69.4
May-06,159667,634167,15862,17390,17012,378,91.2,71,70.8
Jun-06,154884,629452,16171,17390,17132,258,93,71,71
Jul-06,157919,642948,16091,17392,17150,242,92.5,74.5,74.4
Aug-06,156232,664448,16206,17392,17150,242,93.2,73.1,73
Sep-06,150926,616765,16177,17393,17126,267,93,63.9,63.8
Oct-06,158353,643837,15293,17400,17135,265,87.9,59.1,58.9
Nov-06,151926,620061,15311,17400,17075,325,88,59.4,59.1
Dec-06,160768,644652,15766,17400,17155,245,90.6,62.1,62
Jan-07,158342,637580,15381,17440,16995,446,88.2,54.4,54.5
Feb-07,143301,596651,14773,17443,16978,466,84.7,59.4,59.3
Mar-07,158697,636610,15185,17443,17023,420,87.1,60.7,60.4
Apr-07,155407,616079,15371,17443,17136,307,88.1,64,64
May-07,161548,639235,15651,17455,17190,266,89.7,63.5,63.5
Jun-07,152254,621692,15444,17460,16976,485,88.5,67.5,67.5
Jul-07,156175,643155,15922,17460,17122,339,91.2,74.2,74.1
Aug-07,154060,651790,15859,17460,17202,259,90.8,72.4,72.4
Sep-07,147061,612438,15513,17448,17041,407,88.9,79.6,79.9
Oct-07,155680,634769,15249,17448,17221,227,87.4,85.7,85.8
Nov-07,151021,616040,15506,17448,17217,232,88.9,94.6,94.8
Dec-07,158427,642299,15477,17448,17115,333,88.7,91.7,91.7
Jan-08,158566,627656,15087,17594,17226,368,85.8,92.9,93
Feb-08,149297,580836,14948,17594,17265,328,85,95.3,95.4
Mar-08,160868,614758,14637,17594,17222,372,83.2,105.4,105.5
Apr-08,155403,594449,15157,17594,17093,501,86.2,112.5,112.6
May-08,159437,613723,15629,17606,17461,146,88.8,125.5,125.4
Jun-08,154133,590342,15768,17610,17464,146,89.5,134,133.9
Jul-08,160481,606254,15638,17610,17464,146,88.8,133.5,133.4
Aug-08,155092,597441,15343,17610,17464,146,87.1,116.7,116.7
Sep-08,119208,535165,13139,17610,14959,2651,74.6,103.8,104.1
Oct-08,146868,610647,15037,17621,17311,310,85.3,76.7,76.6
Nov-08,152343,571573,15115,17621,17417,204,85.8,57.4,57.3
Dec-08,158183,593409,14787,17621,17394,227,83.9,42,41.1
Jan-09,159467,590234,14538,17672,17342,330,82.3,41.9,41.7
Feb-09,146698,527011,14409,17672,16998,674,81.5,39.3,39.1
Mar-09,161776,580286,14399,17672,17097,575,81.5,48.1,47.9
Apr-09,158344,560172,14610,17672,16817,854,82.7,49.9,49.6
May-09,166684,564542,14838,17672,17174,498,84,59.2,59
Jun-09,158079,564829,15194,17672,17308,364,86,69.7,69.6
Jul-09,167336,577412,14891,17681,17191,491,84.2,64.3,64.2
Aug-09,167945,587432,14870,17681,17091,590,84.1,71.1,71
Sep-09,166765,557833,15017,17681,17152,529,84.9,69.5,69.4
Oct-09,171258,582888,14419,17688,17140,548,81.5,75.8,75.7
Nov-09,161838,562590,14338,17688,17244,444,81.1,78.1,78
Dec-09,169004,596333,14374,17688,16855,833,81.3,74.6,74.5
Jan-10,167529,578132,14065,17597,16864,734,79.9,78.4,78.3
Feb-10,155496,527273,14267,17584,16643,941,81.1,76.5,76.4
Mar-10,170976,591487,14630,17584,16841,743,83.2,81.3,81.2
Apr-10,161769,571989,15592,17589,17054,534,88.7,84.6,84.3
May-10,167427,585109,15510,17589,16872,716,88.2,74.1,73.7
Jun-10,161385,586854,15893,17523,17050,473,90.7,75.4,75.3
Jul-10,164234,598019,16040,17594,17159,434,91.2,76.4,76.3
Aug-10,168867,609559,15681,17594,17020,573,89.1,76.7,76.6
Sep-10,168473,583937,15213,17594,16966,628,86.5,75.5,75.2
Oct-10,174547,586761,14466,17528,16849,678,82.5,81.9,81.9
Nov-10,167272,568963,15166,17528,16644,883,86.5,84.3,84.3
Dec-10,173831,611718,15555,17594,16949,645,88.4,89.2,89.1
Jan-11,170393,586949,15035,17736,16937,799,84.8,89.6,89.2
Feb-11,151354,526890,14195,17736,16904,833,80,89.7,88.6
Mar-11,174158,594866,14963,17736,17032,704,84.4,103,102.9
Apr-11,166858,557445,14710,17736,17006,730,82.9,110,109.5
May-11,174363,571295,15129,17736,17052,684,85.3,101.4,100.9
Jun-11,167673,575614,15778,17736,17122,614,89,96.3,96.3
Jul-11,168635,580019,16001,17736,17246,491,90.2,97.3,97.3
Aug-11,175618,600253,16009,17736,17109,627,90.3,86.3,86.3
Sep-11,168411,566597,15735,17736,17208,529,88.7,85.6,85.5
Oct-11,182977,583322,15050,17736,16816,921,84.9,86.4,86.3
Nov-11,181157,571763,15426,17730,16487,1244,87,97.2,97.2
Dec-11,189487,581847,15341,17740,16958,782,86.5,98.6,98.6
Jan-12,191439,567256,14865,17367,16789,578,85.6,100.3,100.3
Feb-12,181759,540040,15019,17367,16755,612,86.5,102.3,102.2
Mar-12,196116,562017,14783,17275,16509,766,85.6,106.2,106.2
Apr-12,189590,544879,14952,17275,16713,562,86.6,103.3,103.3
May-12,197441,575812,15657,17275,16541,735,90.6,94.7,94.7
Jun-12,188255,566197,15983,17275,16980,295,92.5,82.4,82.3
Jul-12,199361,574746,15991,17291,17054,237,92.5,87.9,87.9
Aug-12,196854,593330,15679,17211,16881,330,91.1,94.2,94.1
Sep-12,197923,542427,15248,17400,15917,1483,87.6,94.6,94.5
Oct-12,216041,579946,15153,17402,16679,723,87.1,89.6,89.5
Nov-12,212424,555853,15416,17408,16434,974,88.6,86.7,86.5
Dec-12,220259,562037,15717,17391,16610,782,90.4,88.2,87.9
Jan-13,219590,580809,14934,17823,16775,1048,83.8,94.8,94.8
Feb-13,200376,522308,14542,17814,16851,963,81.6,95.3,95.3
Mar-13,223674,574970,14907,17814,16921,893,83.7,93,92.9
Apr-13,221261,557828,15282,17814,17005,809,85.8,92.1,92
May-13,227152,580719,15714,17815,17228,587,88.2,94.8,94.5
Jun-13,218381,564479,16313,17815,17239,576,91.6,95.8,95.8
Jul-13,233238,597058,16483,17818,17452,365,92.5,104.7,104.7
Aug-13,233609,593334,16291,17820,17444,376,91.4,106.5,106.6
Sep-13,235183,578447,16157,17820,17625,195,90.7,106.2,106.3
Oct-13,240594,599006,15475,17820,17578,242,86.8,100.6,100.5
Nov-13,237602,584641,16135,17820,17625,195,90.6,93.9,93.9
Dec-13,245947,589181,16377,17820,17610,209,91.9,97.9,97.6
Jan-14,250425,592179,15649,17925,17730,194,87.3,94.9,94.6
Feb-14,228401,529329,15518,17925,17691,234,86.6,100.7,100.8
Mar-14,257220,572013,15390,17931,17659,272,85.8,100.5,100.8
Apr-14,255795,565032,16264,17951,17725,226,90.6,102,102.1
May-14,267996,576636,16197,17951,17453,498,90.2,101.8,102.2
Jun-14,262288,566345,16087,17825,17579,246,90.3,105.1,105.8
Jul-14,274131,596659,16880,17835,17678,157,94.7,102.4,103.6
Aug-14,276813,600526,16707,17835,17563,272,93.7,96.1,96.5
Sep-14,272571,576110,16358,17835,17678,157,91.7,93,93.2
Oct-14,287193,610719,15660,17851,17466,385,87.7,84.3,84.4
Nov-14,279793,581811,16367,17811,17672,139,91.9,75.8,75.8
Dec-14,296480,604310,16751,17811,17635,177,94.1,59.3,59.3
Jan-15,290856,597459,15767,17967,17768,200,87.8,47.3,47.2
Feb-15,266115,550869,15635,17950,17644,305,87.1,50.7,50.6
Mar-15,297040,599815,15878,17950,17461,488,88.5,47.9,47.8
Apr-15,289735,577827,16521,17962,17489,472,92,54.6,54.5
May-15,293683,598991,16612,17962,17819,142,92.5,59.4,59.3
Jun-15,280747,595390,16924,18056,17873,183,93.7,59.8,59.8
Jul-15,292813,623682,17185,18097,17962,135,95,50.9,50.9
Aug-15,291691,617749,16962,18098,17977,121,93.7,42.9,42.9
Sep-15,284398,583075,16427,18138,18028,110,90.6,45.5,45.5
Oct-15,291410,603560,15691,18133,17939,194,86.5,46.3,46.2
Nov-15,279975,573163,16683,18186,17860,326,91.7,42.9,42.4
Dec-15,287528,607466,16842,18186,18044,142,92.6,37.3,37.2
Jan-16,285245,590952,16297,18317,18165,152,89,31.8,31.7
Feb-16,262841,575396,16179,18317,18095,222,88.3,30.6,30.3
Mar-16,281716,612347,16287,18319,18074,245,88.9,38,37.5
Apr-16,266122,580388,16223,18319,17606,713,88.6,41.1,40.8
May-16,273781,599120,16477,18319,18085,234,89.9,46.8,46.7
Jun-16,260163,594972,16803,18433,18181,252,91.2,48.8,48.8
Jul-16,268470,612364,17000,18433,18281,152,92.2,44.8,44.7
Aug-16,269331,628109,16976,18433,18313,120,92.1,44.8,44.7
Sep-16,256249,593243,16687,18456,18326,130,90.4,45.2,45.2
Oct-16,272860,610208,15783,18471,18180,291,85.4,49.9,49.8
Nov-16,267035,590579,16545,18491,17955,536,89.5,45.9,45.7
Dec-16,273244,619556,16896,18510,18358,152,91.3,52.2,52
Jan-17,275058,597976,16462,18617,18314,303,88.4,52.6,52.5
Feb-17,255059,536096,15827,18617,18169,448,85,53.5,53.5
Mar-17,284208,621782,16421,18621,18420,201,88.2,49.7,49.3
Apr-17,273090,588635,17276,18621,18420,201,92.8,51.1,51.1
May-17,284718,621449,17514,18557,18338,219,94.4,48.5,48.5
Jun-17,273309,616953,17527,18567,18300,267,94.4,45.2,45.2
Jul-17,286635,623884,17659,18567,18300,267,95.1,46.7,46.6
Aug-17,286596,628494,17243,18571,18448,123,92.9,48.1,48
Sep-17,285487,588882,15788,18496,15927,2569,85.4,49.9,49.8
Oct-17,299429,619097,16343,18497,18251,247,88.4,51.7,51.6
Nov-17,302310,609308,17127,18505,18356,149,92.6,56.5,56.6
Dec-17,309359,629896,17562,18543,18511,32,94.7,57.9,57.9
Jan-18,309881,637495,16917,18598,18567,32,91,63.5,63.7
Feb-18,287727,551408,16360,18598,18491,108,88,62.2,62.2
Mar-18,324296,642668,16945,18598,18561,37,91.1,62.9,62.7
Apr-18,314803,601151,17101,18598,18561,37,92,66.3,66.3
May-18,323159,627787,17341,18598,18517,81,93.2,69.9,70
Jun-18,318837,623108,18041,18598,18523,75,97,67.3,67.9
Jul-18,337540,640813,17688,18598,18517,81,95.1,70.7,71
Aug-18,352575,662039,17969,18601,18520,81,96.6,67.8,68.1
Sep-18,342660,602523,17383,18601,18526,75,93.5,70.1,70.2
Oct-18,356138,644360,16735,18603,18090,513,90,70.8,70.7
Nov-18,356028,623226,17500,18603,18528,75,94.1,56.6,57
Dec-18,369644,630152,17749,18603,18528,75,95.4,48.7,49.5
Jan-19,367286,639064,17111,18808,18698,110,91,51.6,51.4
Feb-19,326272,567948,16160,18808,18296,512,85.9,55,55
Mar-19,368867,625463,16323,18808,18621,188,86.8,58.2,58.2
Apr-19,363737,609978,16691,18808,18498,310,88.7,63.9,63.9
May-19,376362,632000,17043,18808,18495,314,90.6,60.9,60.8
Jun-19,365366,619619,17699,18808,18692,117,94.1,54.7,54.7
Jul-19,368765,642772,17687,18808,18692,117,94,57.5,57.4
Aug-19,386725,655895,17833,18808,18363,445,94.8,54.8,54.8
Sep-19,377169,607454,16728,18808,18363,445,88.9,57,56.9
Oct-19,395900,642134,16128,18808,18138,670,85.8,54,54
Nov-19,388984,622085,17041,18808,18173,635,90.6,57.1,57
Dec-19,400219,633729,17395,18808,18221,587,92.5,59.8,59.8
Jan-20,396329,617935,16860,18976,18549,427,88.9,57.5,57.5
Feb-20,371949,583835,16506,18976,18506,470,87,50.5,50.5
Mar-20,397298,572348,15756,18976,18452,524,83,30.4,29.2
Apr-20,357344,436455,13315,18976,18494,482,70.2,16.7,16.5
May-20,301045,498424,13429,18641,18163,478,72,28.5,28.6
Jun-20,312593,527342,14217,18622,18154,468,76.4,38.3,38.3
Jul-20,339651,569813,14824,18622,18154,468,79.6,40.8,40.7
Aug-20,327285,575294,14693,18622,18190,432,78.9,42.4,42.3
Sep-20,326042,552445,14138,18386,17103,1283,76.9,39.6,39.6
Oct-20,322816,577023,13846,18386,16898,1488,75.3,39.6,39.4
Nov-20,333621,562276,14580,18386,17586,800,79.3,41.1,40.9
Dec-20,343591,582852,14539,18386,17626,760,79.1,47.1,47
Jan-21,342747,576457,14975,18143,17735,408,82.5,52.1,52
Feb-21,273646,488438,12804,18090,17526,564,70.8,59.1,59
Mar-21,345946,595319,14834,18090,17035,1055,82,62.4,62.3
Apr-21,336905,583781,15633,18128,17553,574,86.2,61.7,61.7
May-21,351346,622903,16130,18128,17843,285,89,65.2,65.2
Jun-21,338645,616115,16743,18128,17910,218,92.4,71.4,71.4
Jul-21,351228,616714,16482,18129,17943,187,90.9,72.4,72.5
Aug-21,347393,635828,16377,18130,17914,216,90.3,67.7,67.7
Sep-21,324654,606706,15797,18130,15800,2331,87.1,71.5,71.6
Oct-21,355670,616639,15581,18132,17133,999,85.9,81.2,81.5
